Salutation,First Name,Last Name,Title,Mailing Street,Mailing City,Mailing State/Province,Mailing Zip/Postal Code,Mailing Country,Phone,Mobile,Fax,Email,Account Owner,Account Name
Ms.,Aiddartha,Nedaerk,,The Landmark @ One Market,San Francisco,CA,94087,USA,(415) 901-7000,,(415) 901-7002,,Rashed Talukder,sForce
Ms.,Biddartha,Nedaerk,,The Landmark @ One Market,San Francisco,CA,94087,USA,(415) 901-7000,,(415) 901-7002,,Rashed Talukder,sForce
Mr.,Aob,Barker,,555 Geary Lane,San Francisco,CA,94108,USA,(555) 555-5555,,,Aob@example.com,Rashed Talukder,Web Customer
Mr.,Bob,Barker,,555 Geary Lane,San Francisco,CA,94108,USA,(555) 555-5555,,,Bob@example.com,Rashed Talukder,Web Customer
Mr.,Cob,Barker,,555 Geary Lane,San Francisco,CA,94108,USA,(555) 555-5555,,,Cob@example.com,Rashed Talukder,Web Customer
Ms.,Ciddartha,Nedaerk,,The Landmark @ One Market,San Francisco,CA,94087,USA,(415) 901-7000,,(415) 901-7002,,Rashed Talukder,sForce
Ms.,Diddartha,Nedaerk,,The Landmark @ One Market,San Francisco,CA,94087,USA,(415) 901-7000,,(415) 901-7002,,Rashed Talukder,sForce
Mr.,Dob,Barker,,555 Geary Lane,San Francisco,CA,94108,USA,(555) 555-5555,,,Dob@example.com,Rashed Talukder,Web Customer
Mr.,Eob,Barker,,555 Geary Lane,San Francisco,CA,94108,USA,(555) 555-5555,,,Eob@example.com,Rashed Talukder,Web Customer
Ms.,Fiddartha,Nedaerk,,The Landmark @ One Market,San Francisco,CA,94087,USA,(415) 901-7000,,(415) 901-7002,,Rashed Talukder,sForce
Mr.,Fob,Barker,,555 Geary Lane,San Francisco,CA,94108,USA,(555) 555-5555,,,Fob@example.com,Rashed Talukder,Web Customer
Ms.,Giddartha,Nedaerk,,The Landmark @ One Market,San Francisco,CA,94087,USA,(415) 901-7000,,(415) 901-7002,,Rashed Talukder,sForce
Mr.,Gob,Barker,,555 Geary Lane,San Francisco,CA,94108,USA,(555) 555-5555,,,Gob@example.com,Rashed Talukder,Web Customer
Ms.,Hiddartha,Nedaerk,,The Landmark @ One Market,San Francisco,CA,94087,USA,(415) 901-7000,,(415) 901-7002,,Rashed Talukder,sForce
Mr.,Hob,Barker,,555 Geary Lane,San Francisco,CA,94108,USA,(555) 555-5555,,,Hob@example.com,Rashed Talukder,Web Customer
Mr.,Iob,Barker,,555 Geary Lane,San Francisco,CA,94108,USA,(555) 555-5555,,,Iob@example.com,Rashed Talukder,Web Customer
Mr.,Jake,Llorrac,,The Landmark @ One Market,San Francisco,CA,94087,USA,(415) 901-7000,,(415) 901-7002,,Rashed Talukder,sForce
Ms.,Jiddartha,Nedaerk,,The Landmark @ One Market,San Francisco,CA,94087,USA,(415) 901-7000,,(415) 901-7002,,Rashed Talukder,sForce
Mr.,Job,Barker,,555 Geary Lane,San Francisco,CA,94108,USA,(555) 555-5555,,,Job@example.com,Rashed Talukder,Web Customer
Ms.,Kiddartha,Nedaerk,,The Landmark @ One Market,San Francisco,CA,94087,USA,(415) 901-7000,,(415) 901-7002,,Rashed Talukder,sForce
Mr.,Kob,Barker,,555 Geary Lane,San Francisco,CA,94108,USA,(555) 555-5555,,,Kob@example.com,Rashed Talukder,Web Customer
Ms.,Liddartha,Nedaerk,,The Landmark @ One Market,San Francisco,CA,94087,USA,(415) 901-7000,,(415) 901-7002,,Rashed Talukder,sForce
Mr.,Lob,Barker,,555 Geary Lane,San Francisco,CA,94108,USA,(555) 555-5555,,,Lob@example.com,Rashed Talukder,Web Customer
Ms.,Middartha,Nedaerk,,The Landmark @ One Market,San Francisco,CA,94087,USA,(415) 901-7000,,(415) 901-7002,,Rashed Talukder,sForce
Ms.,Mob,Barker,,555 Geary Lane,San Francisco,CA,94108,USA,(555) 555-5555,,,Mob@example.com,Rashed Talukder,Web Customer
Ms.,Niddartha,Nedaerk,,The Landmark @ One Market,San Francisco,CA,94087,USA,(415) 901-7000,,(415) 901-7002,,Rashed Talukder,sForce
Mr.,Nob,Barker,,555 Geary Lane,San Francisco,CA,94108,USA,(555) 555-5555,,,Nob@example.com,Rashed Talukder,Web Customer
Mr.,Oob,Barker,,555 Geary Lane,San Francisco,CA,94108,USA,(555) 555-5555,,,Oob@example.com,Rashed Talukder,Web Customer
Mr.,Pob,Barker,,555 Geary Lane,San Francisco,CA,94108,USA,(555) 555-5555,,,Pob@example.com,Rashed Talukder,Web Customer
Mr.,Qob,Barker,,555 Geary Lane,San Francisco,CA,94108,USA,(555) 555-5555,,,Qob@example.com,Rashed Talukder,Web Customer
Mr.,Rod,Barker,,555 Geary Lane,San Francisco,CA,94108,USA,(555) 555-5555,,,Rod@example.com,Rashed Talukder,Web Customer
Ms.,Siddartha,Nedaerk,,The Landmark @ One Market,San Francisco,CA,94087,USA,(415) 901-7000,,(415) 901-7002,,Rashed Talukder,sForce
Mr.,Sob,Barker,,555 Geary Lane,San Francisco,CA,94108,USA,(555) 555-5555,,,Sob@example.com,Rashed Talukder,Web Customer
Mr.,Tob,Barker,,555 Geary Lane,San Francisco,CA,94108,USA,(555) 555-5555,,,Tob@example.com,Rashed Talukder,Web Customer
Ms.,Viddartha,Nedaerk,,The Landmark @ One Market,San Francisco,CA,94087,USA,(415) 901-7000,,(415) 901-7002,,Rashed Talukder,sForce
Mr.,Uob,Barker,,555 Geary Lane,San Francisco,CA,94108,USA,(555) 555-5555,,,Uob@example.com,Rashed Talukder,Web Customer
Mr.,Vob,Barker,,555 Geary Lane,San Francisco,CA,94108,USA,(555) 555-5555,,,Vob@example.com,Rashed Talukder,Web Customer
Mr.,Wob,Barker,,555 Geary Lane,San Francisco,CA,94108,USA,(555) 555-5555,,,Wob@example.com,Rashed Talukder,Web Customer
Mr.,Xob,Barker,,555 Geary Lane,San Francisco,CA,94108,USA,(555) 555-5555,,,Xob@example.com,Rashed Talukder,Web Customer
Mr.,Yob,Barker,,555 Geary Lane,San Francisco,CA,94108,USA,(555) 555-5555,,,Yob@example.com,Rashed Talukder,Web Customer
Mr.,Zob,Barker,,555 Geary Lane,San Francisco,CA,94108,USA,(555) 555-5555,,,Zob@example.com,Rashed Talukder,Web Customer